========== 4G ECM Information ==========,,,,,,,,,
Download Date, 04/25/2025,,,,,,,,
Download Time, 15:05:12,,,,,,,,
ECI H/W P/N, E2492305D,,,,,,,,
ECI H/W S/N,27412,,,,,,,,
ECI Manufacture Date, 02/01/2025,,,,,,,,
ECI S/W P/N, E8100093F,,,,,,,,
ECI Mot XLS Rev,618,,,,,,,,
Software Revision:,,,,,,,,,
Current Version,618,,,,,,,,
Version - 1,618,,,,,,,,
Version - 2,478,,,,,,,,
SVN Revision,87395,,,,,,,,
SVN compile status,1,,,,,,,,
SVN compile date, 16:07:22 on 04-11-2025,,,,,,,,
ECI Initial Cal P/N, E9999999X,,,,,,,,
ECI Initial Cal Date, 04/11/2025,,,,,,,,
ECI Current Cal P/N, E9999999X,,,,,,,,
ECI Current Cal Date, 04/11/2025,,,,,,,,
Customer H/W P/N," ""53000090""",,,,,,,,
Customer S/W P/N," ""58200201-3""",,,,,,,,
Engine P/N," ""59007026""",,,,,,,,
Engine S/N," ""3924G000511""",,,,,,,,
Hour meter,26.25,,,,,,,,
Cumulative Starts,16,,,,,,,,
Emissions Calibration Checksum," ""$EB1D1C0A""",,,,,,,,
Total Calibration Checksum," ""$E8655F50""",,,,,,,,
Calibration Checksum:,,,,,,,,,
Current Version," ""$E8655F50""",,,,,,,,
Version - 1," ""$D829B3DF""",,,,,,,,
Version - 2," ""$768045DF""",,,,,,,,
Cal Group Checksum - Current," ""$0""",,,,,,,,
2," ""$0""",,,,,,,,
3," ""$0""",,,,,,,,
4," ""$0""",,,,,,,,
5," ""$0""",,,,,,,,
6," ""$0""",,,,,,,,
7," ""$0""",,,,,,,,
8," ""$E8655F50""",,,,,,,,
Cal Group Checksum - History 1," ""$0""",,,,,,,,
2," ""$0""",,,,,,,,
3," ""$0""",,,,,,,,
4," ""$0""",,,,,,,,
5," ""$0""",,,,,,,,
6," ""$0""",,,,,,,,
7," ""$0""",,,,,,,,
8," ""$E8655F50""",,,,,,,,
Cal Group Checksum - History 2," ""$0""",,,,,,,,
2," ""$0""",,,,,,,,
3," ""$0""",,,,,,,,
4," ""$0""",,,,,,,,
5," ""$0""",,,,,,,,
6," ""$0""",,,,,,,,
7," ""$0""",,,,,,,,
8," ""$E8655F50""",,,,,,,,
,,,,,,,,,
========== 4G Histograms ==========,,,,,,,,,
Speed/Load Histogram,,,,,,,,,
,,Manifold Pressure,,,,,,,
,,0.761719,16.660156,21.761719,26.699219,26.710938,29.261719,,
Engine Speed,715,0.036319,0.0225,0,0,0,0,,
,1485,0.003319,0.005569,0,0,0,0,,
,1492,0.000069,0.000125,0,0,0,0,,
,1500,0.000056,0.000069,0,0,0,0,,
,1508,0.000069,0.000125,0,0,0,0,,
,1515,0.164042,0.001889,0,0,0,0,,
,1785,0.019264,0.005625,0.001333,0,0,0,,
,1792,0.008278,0.002819,0,0,0,0,,
,1800,0.348944,0.194528,0,0,0,0,,
,1808,0.021819,0.000958,0,0,0,0,,
,1815,0.020181,0.001792,0,0,0,0,,
,2585,0,0,0,0,0,0,,
,,,,,,,,,
Knock Histogram,,,,,,,,,
,,Manifold Pressure,,,,,,,
,,0.761719,16.660156,21.761719,26.699219,26.710938,29.261719,,
Engine Speed,1477,0,0,0,0,0,0,,
,1500,0,0,0,0,0,0,,
,1523,0,0,0,0,0,0,,
,1777,0,0,0,0,0,0,,
,1800,0,0,0,0,0,0,,
,1823,0,0,0,0,0,0,,
,,,,,,,,,
ECT Histogram,,,,,,,,,
,ECT (deg F),Time (Hours),,,,,,,
,110,0.033639,,,,,,,
,130,0.195472,,,,,,,
,170,0.540528,,,,,,,
,190,0,,,,,,,
,200,0,,,,,,,
,210,0,,,,,,,
,220,0,,,,,,,
,230,0,,,,,,,
,,,,,,,,,
Intake Backfire Histogram (Lifetime),,,,,,,,,
,,Manifold Pressure,,,,,,,
,,6,14,18,23,25,,,
Engine Speed,200,0,0,6,0,0,,,
,600,0,0,5,0,0,,,
,1000,0,0,0,0,0,,,
,1500,0,0,0,0,0,,,
,1800,0,0,0,0,0,,,
,2000,0,0,0,0,0,,,
,,,,,,,,,
Intake Backfire Histogram (Recent),,,,,,,,,
,,Manifold Pressure,,,,,,,
,,6,14,18,23,25,,,
Engine Speed,200,0,0,3,0,0,,,
,600,0,0,4,0,0,,,
,1000,0,0,0,0,0,,,
,1500,0,0,0,0,0,,,
,1800,0,0,0,0,0,,,
,2000,0,0,0,0,0,,,
,,,,,,,,,
Intake Backfire Events (Recent),,,,,,,,,
,Time (Hours),Occurrences,,,,,,,
,50,7,,,,,,,
,100,0,,,,,,,
,150,0,,,,,,,
,200,0,,,,,,,
,,,,,,,,,
========== Distributor Alignment ==========,,,,,,,,,
Cam Position,0,,,,,,,,
Cam Position Desired,0,,,,,,,,
,,,,,,,,,
========== Adaptive Learn Tables ==========,,,,,,,,,
Gasoline Adaptive Tables (Bank1/Bank2),,,,,,,,,
,,MAP (psia),,,,,,,
,,10,13,16,19,21.5,24,26.5,29
Speed (rpm),800,0,0,0,0,0,0,0,0
,1100,0,0,0,0,0,0,0,0
,1400,0,0,0,0,0,0,0,0
,1700,0,0,0,0,0,0,0,0
,2000,0,0,0,0,0,0,0,0
,,,,,A_BM1 (%),,,,
,,,,,,,,,
,,MAP (psia),,,,,,,
,,10,13,16,19,21.5,24,26.5,29
Speed (rpm),800,0,0,0,0,0,0,0,0
,1100,0,0,0,0,0,0,0,0
,1400,0,0,0,0,0,0,0,0
,1700,0,0,0,0,0,0,0,0
,2000,0,0,0,0,0,0,0,0
,,,,,A_BM2 (%),,,,
,,,,,,,,,
LPG Adaptive Table,,,,,,,,,
,,MAP (psia),,,,,,,
,,5,7,11,15,18,21,24,27
Speed (rpm),600,0,0,0,0,0,0,0,0
,1000,0,0,0,0,0,0,0,0
,1500,0,0,0,0,0,0,0,0
,1800,0,0,0,0,0,0,0,0
,2150,0,0,0,0,0,0,0,0
,,,,,A_BM (%),,,,
,,,,,,,,,
NG Adaptive Table,,,,,,,,,
,,MAP (psia),,,,,,,
,,3,8,13,18,23,28,32,36
Speed (rpm),600,0,0,0,0,0,0,0,0
,1000,0,0,0,0,0,0,0,0
,1250,0,0,0,0,0,0,0,0
,1500,0,0,0,0,0,0,0,0
,1800,0,0,0,0,0,0,0,0
,,,,,A_BM (%),,,,
,,,,,,,,,
========== Fault Snap Shot Data ==========,,,,,,,,,
DTC 1153: Closed-loop NG high,,,,,,,,,
Fault did not occur during this key cycle,,,,,,,,,
Fault caused an engine shutdown,,,,,,,,,
Starts since fault was active:  0,,,,,,,,,
Occurrence count: 1,,,,,,,,,
Initial occurrence: 0.9325 eng hours,,,,,,,,,
Last occurrence: 14.456 eng hours,,,,,,,,,
Went previously active: 0 eng hours,,,,,,,,,
MIL countdown: 0 cycles,,,,,,,,,
,,,,,,,,,
rpm,1798,,,,,,,,
BP,14.1992,,,,,,,,
Vbat,27.4961,,,,,,,,
EGO1_volts,0,,,,,,,,
EGO2_volts,0.0666504,,,,,,,,
TPS_pct,28.9841,,,,,,,,
CL_BM1,34.9945,,,,,,,,
A_BM1,8.86536,,,,,,,,
run_tmr_sec,710,,,,,,,,
Phi_UEGO,0.983459,,,,,,,,
rMAP,9.79297,,,,,,,,
rECT,176.406,,,,,,,,
rIAT,88.2812,,,,,,,,
OILP_press,87.5664,,,,,,,,
MJ_P_act,0,,,,,,,,
MJ_P_cmd,0,,,,,,,,
fuel_type_u16,2,,,,,,,,
HM_hours,0,,,,,,,,
spk_adv,21.25,,,,,,,,
FPP_pct,0,,,,,,,,
fuel_ctl_mode,3,,,,,,,,
FPin,0,,,,,,,,
TIP,21.9258,,,,,,,,
RS_speed,0,,,,,,,,
rpmd_gov,1800,,,,,,,,
VE5a_FB_raw,4.54335,,,,,,,,
,,,,,,,,,
DTC 1625: J1939 shutdown request,,,,,,,,,
Fault did not occur during this key cycle,,,,,,,,,
Fault caused an engine shutdown,,,,,,,,,
Starts since fault was active:  0,,,,,,,,,
Occurrence count: 1,,,,,,,,,
Initial occurrence: 1.486 eng hours,,,,,,,,,
Last occurrence: 11.4532 eng hours,,,,,,,,,
Went previously active: 0 eng hours,,,,,,,,,
MIL countdown: 0 cycles,,,,,,,,,
,,,,,,,,,
rpm,1698,,,,,,,,
BP,14.1992,,,,,,,,
Vbat,27.6133,,,,,,,,
EGO1_volts,0,,,,,,,,
EGO2_volts,0.0686035,,,,,,,,
TPS_pct,3.45459,,,,,,,,
CL_BM1,0,,,,,,,,
A_BM1,0,,,,,,,,
run_tmr_sec,710,,,,,,,,
Phi_UEGO,1,,,,,,,,
rMAP,6.59375,,,,,,,,
rECT,176.375,,,,,,,,
rIAT,88.2031,,,,,,,,
OILP_press,85.9688,,,,,,,,
MJ_P_act,0,,,,,,,,
MJ_P_cmd,0,,,,,,,,
fuel_type_u16,2,,,,,,,,
HM_hours,11.4,,,,,,,,
spk_adv,11.0625,,,,,,,,
FPP_pct,0,,,,,,,,
fuel_ctl_mode,0,,,,,,,,
FPin,0,,,,,,,,
TIP,19.5156,,,,,,,,
RS_speed,0,,,,,,,,
rpmd_gov,1310,,,,,,,,
VE5a_FB_raw,4.54579,,,,,,,,
,,,,,,,,,
DTC 1154: Closed-loop LP high,,,,,,,,,
Fault did not occur during this key cycle,,,,,,,,,
Fault caused an engine shutdown,,,,,,,,,
Starts since fault was active:  0,,,,,,,,,
Occurrence count: 1,,,,,,,,,
Initial occurrence: 14.115 eng hours,,,,,,,,,
Last occurrence: 14.750 eng hours,,,,,,,,,
Went previously active: 0 eng hours,,,,,,,,,
MIL countdown: 0 cycles,,,,,,,,,
,,,,,,,,,
rpm,1798,,,,,,,,
BP,14.1992,,,,,,,,
Vbat,27.4961,,,,,,,,
EGO1_volts,0,,,,,,,,
EGO2_volts,0.0666504,,,,,,,,
TPS_pct,28.9841,,,,,,,,
CL_BM1,34.9945,,,,,,,,
A_BM1,8.86536,,,,,,,,
run_tmr_sec,710,,,,,,,,
Phi_UEGO,0.983459,,,,,,,,
rMAP,9.79297,,,,,,,,
rECT,176.406,,,,,,,,
rIAT,88.2812,,,,,,,,
OILP_press,87.5664,,,,,,,,
MJ_P_act,0,,,,,,,,
MJ_P_cmd,0,,,,,,,,
fuel_type_u16,2,,,,,,,,
HM_hours,14.75,,,,,,,,
spk_adv,21.25,,,,,,,,
FPP_pct,0,,,,,,,,
fuel_ctl_mode,3,,,,,,,,
FPin,0,,,,,,,,
TIP,21.9258,,,,,,,,
RS_speed,0,,,,,,,,
rpmd_gov,1800,,,,,,,,
VE5a_FB_raw,4.54335,,,,,,,,
